ocm_id,title,city,state,lat,lon,status,status_title,num_points,date_last_update,usage_cost,connections,power_kw_max,network
342407,4TH ST 1 4TH ST 1,Davis,CA,38.546521,-121.738743,,,,2025-06-24T07:26:00Z,,,3.7,
124451,4th and G Plaza Public Parking Garage,Davis,CA,38.54643,-121.7388,,,,2025-06-24T07:26:00Z,,,3.7,
124449,Yolo-Solano Air Quality Management District,Davis,CA,38.54246,-121.7279,,,,2025-06-24T07:26:00Z,,,3.7,
124450,Davis Amtrak Station,Davis,CA,38.54423248694019,-121.73780818208434,,,,2022-04-07T02:44:00Z,,,3.7,
2757,Davis Amtrak Station,Davis,CA,38.5443,-121.738,,,,2025-06-24T07:26:00Z,,,3.7,
342389,Oakshade Town Center - Tesla Supercharger,Davis,CA,38.542542,-121.725807,,,,2025-06-24T07:26:00Z,,,50.0,
172275,"Davis, CA Supercharger",Davis,CA,38.542542,-121.725807,,,16.0,2024-02-14T05:04:00Z,,,250.0,
124447,Kaiser - Davis,Davis,CA,38.5407029,-121.7282179,,,,2019-04-06T05:03:00Z,,,3.0,
223821,"BOA CA3-147 (Davis, CA)",Davis,CA,38.54566,-121.74202,,,,2025-07-08T04:55:00Z,,,350.0,
2630,University of California - Davis Extension - Lot 80,Davis,CA,38.539336,-121.732405,,,,2025-06-24T07:26:00Z,,,3.7,
124445,UC DAVIS TAPS,Davis,CA,38.5387878,-121.7329102,,,,2019-12-24T09:14:00Z,,,3.0,
141162,Davis Commons,Davis,CA,38.54059,-121.74073,,,,2020-06-26T03:00:00Z,,,40.0,
342383,Davis Commons,Davis,CA,38.54059,-121.74073,,,,2025-06-24T07:26:00Z,,,50.0,
124452,City of Davis - City Hall,Davis,CA,38.546699,-121.7461,,,,2025-06-24T07:26:00Z,,,3.7,
269361,YOLO COUNTY 600 A ST. DAVIS,Davis,CA,38.548319,-121.747427,,,,2025-06-24T07:26:00Z,,,3.7,
276421,YOLO COUNTY DAVIS LIBRARY,Davis,CA,38.556797,-121.746613,,,,2025-06-24T07:26:00Z,,,3.7,
2758,University of California - Davis - Quad Parking Structure,Davis,CA,38.544538,-121.749713,,,,2025-06-24T07:26:00Z,,,3.7,
223835,ENTRY STATION #1,Davis,CA,38.553404,-121.712299,,,,2025-06-24T07:26:00Z,,,3.7,
223817,University of California - Davis - Lot 27,Davis,CA,38.541588,-121.754492,,,,2025-06-24T07:26:00Z,,,3.7,
269357,University of California @ Davis,Davis,CA,38.53363,-121.74905,,,,2024-05-19T14:45:00Z,,,150.0,
244861,University of California - Davis - Lot 1,Davis,CA,38.532775,-121.748494,,,,2025-06-24T07:26:00Z,,,3.7,
223819,University of California - Davis - Lot 25,Davis,CA,38.542846,-121.757899,,,,2025-06-24T07:26:00Z,,,3.7,
342410,University Mall - Tesla Supercharger,Davis,CA,38.547789,-121.759219,,,,2025-06-24T07:26:00Z,,,50.0,
2760,Wildhorse Golf Club,Davis,CA,38.569412,-121.721373,,,,2025-06-24T07:26:00Z,,,3.7,
91418,University of California - Davis - Lot 44,Davis,CA,38.535656,-121.754574,,,,2025-06-24T07:26:00Z,,,3.7,
91421,University of California - Davis - Lot 35,Davis,CA,38.54308,-121.761568,,,,2025-06-24T07:26:00Z,,,3.7,
223837,TARGET T2455 STATION 6,Davis,CA,38.554245,-121.699037,,,,2025-06-24T07:26:00Z,,,3.7,
342432,Shottenkirk Davis,Davis,CA,38.55151757158757,-121.6975999357153,,,,2025-06-24T07:26:00Z,,,3.7,
223839,TARGET T2455 STATION 4,Davis,CA,38.55484,-121.698319,,,,2025-06-24T07:26:00Z,,,3.7,
244870,McDonald's #4745,Davis,CA,38.55044,-121.69741,,,,2025-06-24T07:26:00Z,,,3.7,
48173,University Honda of Davis,Davis,CA,38.551486,-121.697458,,,,2020-06-26T03:00:00Z,,,3.7,
124444,University of California - Davis - Lot 49,Davis,CA,38.533624,-121.759346,,,,2025-06-24T07:26:00Z,,,3.7,
223836,TARGET T2455 STATION 1,Davis,CA,38.553917,-121.697744,,,,2025-06-24T07:26:00Z,,,3.7,
105722,LA SALLE,Davis,CA,38.5613555,-121.7614889,,,,2019-12-24T09:14:00Z,,,3.0,
342480,LA SALLE LA SALLE,Davis,CA,38.561356,-121.761489,,,,2025-06-24T07:26:00Z,,,3.7,
269365,TARGET T2455 STATION 2,Davis,CA,38.554996,-121.697669,,,,2025-06-24T07:26:00Z,,,3.7,
91420,University of California - Davis - Lot 56,Davis,CA,38.535524,-121.762984,,,,2025-06-24T07:26:00Z,,,3.7,
244875,RIBM-SACRD STATION 5,Davis,CA,38.555656,-121.695595,,,,2025-06-24T07:26:00Z,,,3.7,
223825,7-ELEVEN 38681 DAVIS DC1,Davis,CA,38.550057,-121.694023,,,,2024-08-14T12:58:00Z,,,62.0,
244876,RIBM-SACRD STATION 1,Davis,CA,38.55582,-121.69479,,,,2025-06-24T07:26:00Z,,,3.7,
124456,University Covenant Church,Davis,CA,38.55755,-121.6947,,,,2025-06-24T07:26:00Z,,,3.7,
91417,University of California - Davis- Lot 55,Davis,CA,38.53111172782076,-121.7626930687256,,,,2025-06-24T07:26:00Z,,,3.7,
124455,Hanlees Nissan,Davis,CA,38.55252,-121.69156,,,,2025-06-24T07:26:00Z,,,50.0,
244866,PH&EV Research Center,Davis,CA,38.542137,-121.770854,,,,2025-06-24T07:26:00Z,,,3.7,
124448,University of California Davis - Plug-In Hybrid and Electric Vehicle Research Center,Davis,CA,38.54167,-121.771,,,,2019-12-24T09:14:00Z,,,3.0,
141168,Greenlots - 112382U,Davis,CA,38.556055,-121.778869,,,,2020-06-26T03:00:00Z,,,3.7,
342415,DAVIS CA PORTAGE BAY 2,Davis,CA,38.548975,-121.786878,,,,2025-06-24T07:26:00Z,,,3.7,
105721,DAVIS CA,Davis,CA,38.5494977,-121.786933,,,,2019-12-24T09:14:00Z,,,3.0,
342420,DAVIS CA PORTAGE BAY 1,Davis,CA,38.549498,-121.786933,,,,2025-06-24T07:26:00Z,,,3.7,
223885,YOLO COUNTY YOLO LANDFILL,Woodland,CA,38.591042,-121.691473,,,,2025-06-24T07:26:00Z,,,3.7,
91419,University of California - Davis - Lot 31,Davis,CA,38.539319,-121.805298,,,,2025-06-24T07:26:00Z,,,3.7,
5894,Pitt School Rd,Dixon,California,38.6200893998762,-121.730575561523,,,1.0,2011-06-23T00:00:00Z,,,16.8,
115695,Airbnb - Davis - Tesla Destination,Davis,CA,38.571039,-121.845885,,,,2019-04-06T05:04:00Z,,,3.0,
89493,City of Woodland - Community Center,Woodland,CA,38.6528,-121.76,,,,2025-06-24T07:26:00Z,,,3.7,
141236,City of Woodland - Water Pollution Control Facility,Woodland,CA,38.655028,-121.715162,,,,2025-06-24T07:26:00Z,,,3.7,
342190,RR #70 DIXON DC STATION 2,Dixon,CA,38.46695,-121.822754,,,,2025-06-24T07:25:00Z,,,50.0,
308752,"Rotten Robbie - Dixon, CA",Dixon,CA,38.46668100291021,-121.8229027630831,,,2.0,2025-03-04T03:29:00Z,,,62.0,
141242,County Fair Fashion Mall,Woodland,CA,38.66234,-121.763541,,,6.0,2023-11-19T19:05:00Z,,,200.0,
343012,County Fair Fashion Mall,Woodland,CA,38.66234,-121.763541,,,,2025-06-24T07:26:00Z,,,50.0,
56528,Woodland Joint Unified School District - Plainfield Elementary,Woodland,CA,38.642231,-121.822455,,,,2024-02-20T10:05:00Z,,,3.7,
56529,Woodland Joint Unified School District - Zamora Elementary,Woodland,CA,38.658128,-121.794707,,,,2024-02-20T10:05:00Z,,,3.7,
308571,Tesla Supercharger - West Sacramento,West Sacramento,CA,38.57259,-121.579743,,,16.0,2025-02-04T21:34:00Z,,,250.0,
223855,7-ELEVEN 33646 W SAC DC1,West Sacramento,CA,38.572973,-121.579381,,,,2024-08-14T12:58:00Z,,,62.0,
9231,2021 Bronze Star Drive,Woodland,CA,38.67068,-121.7269,,,,2024-10-12T10:44:00Z,,,6.0,
343041,Woodland Gateway - Red Robin,Woodland,CA,38.670844,-121.72689,,,,2025-06-24T07:26:00Z,,,3.7,
56531,Woodland Joint Unified School District - Tafoya Elementary,Woodland,CA,38.671075,-121.739798,,,,2024-02-20T10:05:00Z,,,3.7,
170228,"Woodland, Ca Supercharger",Woodland,CA,38.671345,-121.723886,,,8.0,2024-11-12T12:08:00Z,$0.26/kWh; other tariffs for older cars,,250.0,
343044,Target - Tesla Supercharger,Woodland,CA,38.671345,-121.723886,,,,2025-06-24T07:26:00Z,,,50.0,
3573,Woodland Gateway Shopping Center,Woodland,CA,38.671590712401155,-121.72390221603247,,,4.0,2024-10-12T10:43:00Z,"first hour free, $3 each additional hour",,6.6,
294159,Dixon Plaza - Tesla Supercharger,Dixon,CA,38.457887,-121.839914,,,,2025-06-24T07:25:00Z,,,50.0,
342165,DX DX-1305 STARTFO,Dixon,CA,38.457353,-121.84013,,,,2025-06-24T07:25:00Z,,,3.7,
306035,Dixon Plaza,Dixon,CA,38.45721151882887,-121.84024190350357,,,1.0,2024-12-08T01:54:00Z,"$3.00 per hour, first hour free",,6.6,
224003,HOSPITAL WMH STATION 2,Woodland,CA,38.665304,-121.791309,,,,2024-12-03T11:27:00Z,,,3.7,
267615,Woodland Motors,Woodland,CA,38.674232516974996,-121.7199675103842,,,1.0,2024-11-12T12:08:00Z,Free,,50.0,
124436,Pitt School Plaza,Dixon,CA,38.457369,-121.842567,,,,2025-06-24T07:25:00Z,,,1.9,
159281,CECI,West Sacramento,CA,38.564484,-121.571078,,,,2020-06-26T03:00:00Z,,,3.7,
342163,DUTCH BROS DIXON 01,Dixon,CA,38.455778,-121.840948,,,,2025-06-24T07:25:00Z,,,3.7,
141133,DUTCH BROS,Dixon,CA,38.45574860481119,-121.8413313419716,,,,2024-11-12T12:08:00Z,"$3.50 per hour, first hour free",,6.6,
312424,Hampton Inn & Suites Woodland,Woodland,CA,38.67527356156242,-121.72701667035977,,,4.0,2025-07-14T02:59:00Z,$0.39 /kWh,,120.0,
311730,"Quality INN - Woodland, CA",Woodland,CA,38.67617164016937,-121.74814402567169,,,7.0,2025-07-14T04:52:00Z,$0.39/kWh,,120.0,
343064,7Charge - Woodland,Woodland,CA,38.67668,-121.74354,,,,2025-06-24T07:26:00Z,,,50.0,
299810,7-Eleven,Woodland,CA,38.67694661727603,-121.74381135300567,,,1.0,2024-06-05T22:10:00Z,,,180.0,
56532,Woodland Joint Unified School District - District Office,Woodland,CA,38.676196,-121.766289,,,,2024-02-20T10:05:00Z,,,3.7,
56530,Woodland Joint Unified School District - Whitehead Elementary,Woodland,CA,38.669819,-121.794558,,,,2024-02-20T10:05:00Z,,,3.7,
244998,Woodland Corporate Center II,Woodland,CA,38.676983,-121.766402,,,,2025-06-24T07:26:00Z,,,3.7,
124492,Trillium - Yolo County Transportation District,Woodland,CA,38.679225,-121.753508,,,,2025-06-24T07:26:00Z,,,3.7,
245000,Yolo Regional Transit District Yard,Woodland,CA,38.67999,-121.75392,,,,2023-04-24T17:37:00Z,,,350.0,
307120,Gothic Revival Parking,Woodland,CA ,38.67656840975161,-121.77590591537279,,,1.0,2025-07-14T04:56:00Z,,,6.0,
223857,Northwest Pump - Sacremento,West Sacramento,CA,38.5740474,-121.5641674,,,,2025-06-24T07:26:00Z,,,3.7,
54917,City of Woodland - Public Parking,Woodland,CA,38.67843,-121.77289,,,2.0,2024-12-03T11:27:00Z,,,6.6,
343073,WOODLAND LIBRARY,Woodland,CA,38.679106,-121.77452,,,,2025-06-24T07:26:00Z,,,3.7,
244999,City of Woodland - Woodland Public Library,Woodland,CA,38.67913,-121.77458,,,,2024-10-12T10:43:00Z,$0.49/kWh,,6.6,
343078,WOODLAND SOLAR LOT #2,Woodland,CA,38.679305,-121.775297,,,,2025-06-24T07:26:00Z,,,3.7,
89494,City of Woodland - Public Parking,Woodland,CA,38.67938,-121.77506,,,4.0,2024-12-03T11:27:00Z,,,6.6,
458350,California Office of State Publishing,West Sacramento,CA,38.587558,-121.565487,,,,2025-06-24T07:26:00Z,,,3.7,
244940,Bayer Crop Science,West Sacramento,CA,38.5871205,-121.5643085,,,,2025-06-24T07:26:00Z,,,3.7,
223873,Sacramento Office,West Sacramento,CA,38.5827017,-121.5609494,,,,2024-02-20T10:05:00Z,,,3.7,
141250,City of Woodland - Police Department,Woodland,CA,38.675,-121.8,,,,2025-06-24T07:26:00Z,,,3.7,
262711,Wienerschnitzel 874,Dixon,CA,38.4461871,-121.8533875,,,,2025-06-24T07:25:00Z,,,3.7,
343091,250 Buckeye Street,Woodland,CA,38.68346,-121.794262,,,,2025-06-24T07:26:00Z,,,3.7,
244939,IKEA USA SACRAMENTO 1,West Sacramento,CA,38.587049,-121.552854,,,2.0,2024-12-03T11:27:00Z,$0.28/kWh,,6.6,
56535,Woodland Joint Unified School District - Woodland High School,Woodland,CA,38.686897,-121.786232,,,,2024-02-20T10:05:00Z,,,3.7,
56534,Woodland Joint Unified School District - Rhoda Maxwell Elementary School,Woodland,CA,38.683943,-121.79905,,,,2024-02-20T10:05:00Z,,,3.7,
67192,United Parcel Service,Sacramento,CA,38.571532,-121.54739,,,,2025-06-24T07:26:00Z,,,3.7,
343099,YOLO COUNTY DCS CAMPUS,Woodland,CA,38.68542,-121.79747,,,,2025-06-24T07:26:00Z,,,3.7,
141201,Riverpoint Marketplace,West Sacramento,CA,38.588964,-121.551083,,,,2025-03-29T03:39:00Z,,,150.0,
342651,Riverpoint Marketplace,West Sacramento,CA,38.58899,-121.55108,,,,2025-07-08T04:46:00Z,,,150.0,
245003,YOLO COUNTY BAUER-02S,Woodland,CA,38.687315,-121.794356,,,,2025-06-24T07:26:00Z,,,3.7,
105724,City of Woodland - Municipal Service Center,Woodland,CA,38.6956,-121.74738,,,,2025-06-24T07:27:00Z,,,3.7,
294179,750 Riverpoint Dr,West Sacramento,CA,38.59264,-121.54986,,,,2025-06-24T07:26:00Z,,,3.7,
224024,Best Western,Woodland,CA,38.6952495,-121.7635783,,,,2025-06-24T07:27:00Z,,,3.7,
299806,ARCO #5731,West Sacramento,CA,38.591119261365236,-121.54782390899469,,,1.0,2024-11-12T12:08:00Z,,,150.0,
342551,NORTH VALLEY 01 STATION 1,West Sacramento,CA,38.576346,-121.54208,,,,2025-06-24T07:26:00Z,,,3.7,
312636,Valley Oaks Inn,Woodland,CA,38.69711938501297,-121.76482657691449,,,1.0,2025-07-14T03:03:00Z,,,120.0,
262721,Washington Unified Virtual Academy,West Sacramento,CA,38.574104,-121.53695,,,,2023-07-12T08:34:00Z,,,3.7,
342633,Westfield Village Elementary School,West Sacramento,CA,38.5847158,-121.5362867,,,,2025-06-24T07:26:00Z,,,3.7,
461543,Garcia Bend Park,Sacramento,CA,38.47903700001825,-121.54283431099657,,,4.0,2025-09-26T04:22:00Z,,,7.0,
342644,YOLO COUNTY 500A JEFFERSONS,West Sacramento,CA,38.587269,-121.528166,,,,2025-06-24T07:26:00Z,,,3.7,
304947,Arther F Turner Community Library,West Sacramento,CA,38.58018414111436,-121.52384518025383,,,12.0,2024-10-14T08:09:00Z,,,6.6,
342604,WEST SACRAMENTO 1110 W CAP 6,West Sacramento,CA,38.581726,-121.524139,,,,2025-06-24T07:26:00Z,,,3.7,
244922,WEST SACRAMENTO CITY HALL 1,West Sacramento,CA,38.581664,-121.52408,,,,2024-10-07T17:25:00Z,,,6.6,
342582,WEST SACRAMENTO 1075 W CAP 1,West Sacramento,CA,38.580384,-121.523671,,,,2025-06-24T07:26:00Z,,,3.7,
342584,WEST SACRAMENTO 1075 W CAP 5,West Sacramento,CA,38.580394,-121.523648,,,,2025-06-24T07:26:00Z,,,3.7,
342769,Pilot - Tesla Supercharger,Sacramento,CA,38.617756,-121.538993,,,,2025-06-24T07:26:00Z,,,50.0,
305037,49er Travel Plaza,Sacramento,CA,38.61794171961196,-121.53900234585444,,,12.0,2025-04-28T11:02:00Z,,,325.0,
342586,WEST SACRAMENTO 1075 W CAP 4,West Sacramento,CA,38.580466,-121.523411,,,,2025-06-24T07:26:00Z,,,3.7,
342606,WEST SACRAMENTO 1110 W CAP 4,West Sacramento,CA,38.581762,-121.523619,,,,2025-06-24T07:26:00Z,,,3.7,
342608,WEST SACRAMENTO 1110 W CAP 5,West Sacramento,CA,38.581779,-121.523597,,,,2025-06-24T07:26:00Z,,,3.7,
124463,CITY HALL,West Sacramento,CA,38.582059,-121.5235079,,,,2024-10-07T17:25:00Z,$0.35/kWh,,6.6,
269359,WEST SACRAMENTO HERITAGE OAKS P,West Sacramento,CA,38.545956,-121.5192,,,,2025-06-24T07:26:00Z,,,3.7,
294198,Sacramento Airport,Sacramento,CA,38.678854,-121.594751,,,,2025-03-11T14:04:00Z,,,50.0,
56527,Sacramento Area Electrical Training Center,Sacramento,CA,38.618916,-121.535361,,,,2025-06-24T07:26:00Z,,,3.7,
343030,WattEV - Sacramento,Sacramento,CA,38.6695,-121.5805,,,,2025-06-24T07:26:00Z,,,50.0,
141252,Sacramento International Airport,Sacramento,CA,38.67790699182252,-121.58908731531136,,,8.0,2024-06-05T11:31:00Z,,,350.0,
342553,WEST SACRAMENTO STATION 2,West Sacramento,CA,38.57673322495762,-121.51602616931132,,,,2025-09-19T06:00:00Z,,,62.0,
342245,GREENHAVEN GREENHAVEN EV,Sacramento,CA,38.49401,-121.524375,,,,2025-06-24T07:25:00Z,,,3.7,
342328,SACRAMENTO BCLIBRARY-04,Sacramento,CA,38.523469,-121.512086,,,,2025-06-24T07:26:00Z,,,3.7,
124443,City of Sacramento - Belle Cooledge Library,Sacramento,CA,38.524403,-121.5112,,,,2024-02-20T10:04:00Z,,,3.7,
342334,City of Sacramento - Belle Cooledge Library,Sacramento,CA,38.524403,-121.5112,,,,2025-06-24T07:26:00Z,,,3.7,
223920,SUTTER HEALTH STATION - 10,Sacramento,CA,38.606792,-121.52033,,,,2025-06-24T07:26:00Z,,,3.7,
223924,SUTTER HEALTH STATION - 3,Sacramento,CA,38.60724,-121.52037,,,,2025-06-24T07:26:00Z,,,3.7,
223922,SUTTER HEALTH STATION - 5,Sacramento,CA,38.607224,-121.52019,,,,2025-06-24T07:26:00Z,,,3.7,
89485,City of Sacramento - Tower Bridge Garage,Sacramento,CA,38.57429,-121.509589,,,,2020-06-26T03:00:00Z,,,3.7,
223918,SUTTER HEALTH STATION 3,Sacramento,CA,38.606169,-121.519218,,,,2025-06-24T07:26:00Z,,,3.7,
223916,SUTTER HEALTH STATION 2,Sacramento,CA,38.605674,-121.518816,,,,2025-06-24T07:26:00Z,,,3.7,
342512,1990 3RD ST. MS STATION 1,Sacramento,CA,38.571867,-121.508497,,,,2025-06-24T07:26:00Z,,,3.7,
124464,DGS MAIN,West Sacramento,CA,38.583377,-121.510851,,,,2019-12-24T09:15:00Z,,,3.0,
342509,1990 3RD ST. MS STATION 3,Sacramento,CA,38.571559,-121.508211,,,,2025-06-24T07:26:00Z,,,3.7,
342506,1990 3RD ST. MS STATION 2,Sacramento,CA,38.571225,-121.508152,,,,2025-06-24T07:26:00Z,,,3.7,
342514,1990 3RD ST. MS STATION 4,Sacramento,CA,38.572122,-121.507926,,,,2025-06-24T07:26:00Z,,,3.7,
461252,D & 3rd Street Curbside,West Sacramento,CA,38.587134672315926,-121.51062257877447,,,4.0,2025-09-19T05:47:00Z,,,62.0,
244935,Ziggurat Garage,West Sacramento,CA,38.584045,-121.509764,,,,2025-06-24T07:26:00Z,,,3.7,
342294,SCUSD - Alice Birney Public Waldorf Tk-8 School,Sacramento,CA,38.5126374,-121.5094683,,,,2025-06-24T07:25:00Z,,,3.7,
141256,Sacramento International Airport - Terminal B Garage,Sacramento,CA,38.68879653237209,-121.592721351837,,,,2025-06-24T07:26:00Z,,,1.9,
223803,SACRAMENTO 35TH AVE #1,Sacramento,CA,38.52292,-121.5066,,,,2025-06-24T07:26:00Z,,,3.7,
342494,Southside Park,Sacramento,CA,38.567526,-121.504937,,,,2025-06-24T07:26:00Z,,,50.0,
141178,Southside Park,Sacramento,CA,38.567526,-121.504937,,,6.0,2023-11-19T19:10:00Z,,,175.0,
278104,Harbor Oaks Luxury Apartments,Sacramento,CA,38.60628,-121.51583,,,,2025-06-24T07:26:00Z,,,3.7,
244960,CCC CCCSTATION9,Sacramento,CA,38.620633,-121.522881,,,,2025-06-24T07:26:00Z,,,3.7,
244913,Embassy Suites - Sacramento,Sacramento,CA,38.579593,-121.506825,,,,2025-06-24T07:26:00Z,,,3.7,
124473,CCC,Sacramento,CA,38.6211868,-121.5224373,,,,2019-12-24T09:15:00Z,,,3.0,
342783,CCC STATION 2,Sacramento,CA,38.621187,-121.522437,,,,2025-06-24T07:26:00Z,,,3.7,
124461,SACRAMENTO,Sacramento,CA,38.580613,-121.506443,,,,2019-12-24T09:15:00Z,,,3.0,
342587,SACRAMENTO TBG-5,Sacramento,CA,38.580547,-121.50634,,,,2025-06-24T07:26:00Z,,,3.7,
342590,SACRAMENTO TBG-2,Sacramento,CA,38.580845,-121.5062,,,,2025-06-24T07:26:00Z,,,3.7,
342592,SACRAMENTO TBG-1,Sacramento,CA,38.580887,-121.506195,,,,2025-06-24T07:26:00Z,,,3.7,
342531,CALPERS E1-214 G,Sacramento,CA,38.574362,-121.504707,,,,2025-06-24T07:26:00Z,,,3.7,
342533,CALPERS E1-211 E1-210,Sacramento,CA,38.574456,-121.504615,,,,2025-06-24T07:26:00Z,,,3.7,
244887,CALPERS E1-207,Sacramento,CA,38.574045,-121.504459,,,,2025-06-24T07:26:00Z,,,3.7,
244888,CALPERS E1-202 E1-201 G,Sacramento,CA,38.574052,-121.504459,,,,2025-06-24T07:26:00Z,,,3.7,
224001,PASO VERDE PASO VERDE 001,Sacramento,CA,38.66124770772731,-121.55282901127427,,,,2024-10-17T21:59:00Z,,,6.6,
244961,CCC STATION 6,Sacramento,CA,38.621296,-121.521253,,,,2025-06-24T07:26:00Z,,,3.7,
244895,CALPERS N1-204 N1-203,Sacramento,CA,38.575072,-121.503893,,,,2025-06-24T07:26:00Z,,,3.7,
124458,SNG-18,Sacramento,CA,38.572757,-121.503397,,,,2019-12-24T09:14:00Z,,,3.0,
244962,CCC STATION 1,Sacramento,CA,38.621974,-121.521017,,,,2025-06-24T07:26:00Z,,,3.7,
224021,Sacramento International Airport - Daily A Lot,Sacramento,CA,38.69005,-121.58889,,,,2025-06-24T07:26:00Z,,,3.7,
124471,Gateway Oaks Metro Center,Sacramento,CA,38.615468,-121.517263,,,,2025-06-24T07:26:00Z,,,3.7,
244910,Evergreen,Sacramento,CA,38.57894,-121.503857,,,,2025-06-24T07:26:00Z,,,3.7,
244900,DGS Lot 60,Sacramento,CA,38.577357,-121.503187,,,,2025-06-24T07:26:00Z,,,3.7,
342889,Market West,Sacramento,CA,38.64163,-121.53259,,,,2025-07-08T04:43:00Z,,,350.0,
244898,CA-Sacramento Commons (Bldg A),Sacramento,CA,38.5762977,-121.5023233,,,,2025-06-24T07:26:00Z,,,3.7,
223921,Sacramento 2275,Sacramento,CA,38.607156,-121.511941,,,,2025-06-24T07:26:00Z,,,3.7,
223926,State Compensation Insurance Fund - Sacramento,Sacramento,CA,38.6072902,-121.5118539,,,,2025-06-24T07:26:00Z,,,3.7,
342552,CA-Sacramento Commons (Bldg B),Sacramento,CA,38.5766268,-121.5021429,,,,2025-06-24T07:26:00Z,,,3.7,
244909,Wells Fargo Center,Sacramento,CA,38.578648,-121.50238,,,,2025-06-24T07:26:00Z,,,3.7,
342625,SACRAMENTO OSG-5,Sacramento,CA,38.583777,-121.503298,,,,2025-06-24T07:26:00Z,,,3.7,
18690,400 Capitol Mall,Sacramento,CA,38.57828,-121.50199,,,4.0,2017-11-04T14:04:00Z,,,0.0,
141193,SACRAMENTO,Sacramento,CA,38.581109,-121.502604,,,,2019-12-24T09:15:00Z,,,3.0,
342623,SACRAMENTO OSG-4,Sacramento,CA,38.583758,-121.503197,,,,2025-06-24T07:26:00Z,,,3.7,
223942,CCC STATION 7,Sacramento,CA,38.621683,-121.518379,,,,2025-06-24T07:26:00Z,,,3.7,
244954,2460 STATION 2,Sacramento,CA,38.607578,-121.511273,,,,2025-06-24T07:26:00Z,,,3.7,
342621,SACRAMENTO OSG-3,Sacramento,CA,38.58374,-121.503098,,,,2025-06-24T07:26:00Z,,,3.7,
124465,SACRAMENTO,Sacramento,CA,38.58417,-121.503191,,,,2019-12-24T09:15:00Z,,,3.0,
244929,SACRAMENTO OSG-2,Sacramento,CA,38.583718,-121.503019,,,,2025-06-24T07:26:00Z,,,3.7,
342672,PHSC UNIT 4,Sacramento,CA,38.593757,-121.505824,,,,2025-06-24T07:26:00Z,,,3.7,
244963,CCC STATION 3,Sacramento,CA,38.622235,-121.518423,,,,2025-06-24T07:26:00Z,,,3.7,
244927,SACRAMENTO OSG-1,Sacramento,CA,38.583701,-121.502911,,,,2025-06-24T07:26:00Z,,,3.7,
244901,BOTW WEST RIGHT,Sacramento,CA,38.577816,-121.501545,,,,2025-06-24T07:26:00Z,,,3.7,
223893,PHSC UNIT 3,Sacramento,CA,38.593617,-121.505645,,,,2025-06-24T07:26:00Z,,,3.7,
223890,PHSC UNIT 1,Sacramento,CA,38.593548,-121.505574,,,,2025-06-24T07:26:00Z,,,3.7,
223858,DGS Lot 7,Sacramento,CA,38.574962,-121.499968,,,,2025-06-24T07:26:00Z,,,3.7,
141194,Sacramento Valley Station,Sacramento,CA,38.58442,-121.501873,,,,2023-12-04T03:45:00Z,,,50.0,
458346,DGS Lot 55,Sacramento,CA,38.572993,-121.499385,,,,2025-06-24T07:26:00Z,,,3.7,
244920,Sacramento DoCo - Tesla Supercharger,Sacramento,CA,38.581244,-121.500898,,,20.0,2024-06-05T14:03:00Z,,,250.0,
244925,SACRAMENTO OFF NETWORK 1,Sacramento,CA,38.582174,-121.501115,,,,2024-02-20T10:05:00Z,,,3.7,
141174,Target T0310 Riverside Blvd.,Sacramento,CA,38.562896,-121.497855,,,6.0,2025-07-26T16:26:00Z,,,350.0,
276427,The Offset,Sacramento,CA,38.6359085,-121.5251047,,,,2025-06-24T07:26:00Z,,,3.7,
244931,City of Sacramento - Sacramento Valley Station - Our Community CarShare,Sacramento,CA,38.583732,-121.500983,,,,2025-06-24T07:26:00Z,,,3.7,
342566,THE FREDERIC EV SPACE 6 & 7,Sacramento,CA,38.578674,-121.499794,,,,2025-06-24T07:26:00Z,,,3.7,
244857,City of Sacramento - Public Safety Center,Sacramento,CA,38.52116,-121.49913,,,,2025-06-24T07:26:00Z,,,3.7,
342563,621 CAPITOL MAL DUAL STATION 1,Sacramento,CA,38.578526,-121.499118,,,,2025-06-24T07:26:00Z,,,3.7,
27782,621 CAPITOL MAL,Sacramento,CA,38.578756,-121.499077,,,,2019-12-24T09:15:00Z,,,3.0,
244891,CEC,Sacramento,CA,38.57444,-121.498229,,,,2025-06-24T07:26:00Z,,,3.7,
342567,621 CAPITOL MAL DUAL CHARGER #2,Sacramento,CA,38.57868,-121.49901,,,,2025-06-24T07:26:00Z,,,3.7,
124442,SACRAMENTO,Sacramento,CA,38.5218583,-121.4983768,,,,2019-12-24T09:14:00Z,,,3.0,
342602,Kimpton Sawyer Hotel - Tesla Destination,Sacramento,CA,38.581533,-121.499473,,,,2025-06-24T07:26:00Z,,,3.7,
101535,Kimpton Sawyer Hotel,Sacramento,California,38.581533,-121.499473,,,4.0,2018-03-30T05:50:00Z,,,10.0,
342609,500 J SAWYER GA STATION 1,Sacramento,CA,38.581809,-121.49925,,,,2025-06-24T07:26:00Z,,,3.7,
342607,500 J SAWYER GA STATION 2,Sacramento,CA,38.581766,-121.499139,,,,2025-06-24T07:26:00Z,,,3.7,
342366,Raley's - Tesla Supercharger,Sacramento,CA,38.533667,-121.496108,,,,2025-06-24T07:26:00Z,,,50.0,
168719,"Sacramento, CA - Freeport Boulevard Supercharger",Sacramento,CA,38.533667,-121.496108,,,8.0,2023-12-18T15:51:00Z,$0.26/kWh; other tariffs for older cars,,250.0,
244918,500 J SAWYER GA STATION 5,Sacramento,CA,38.580892,-121.498905,,,,2025-06-24T07:26:00Z,,,3.7,
342605,500 J SAWYER GA STATION 3,Sacramento,CA,38.581733,-121.499032,,,,2025-06-24T07:26:00Z,,,3.7,
244921,500 J SAWYER GA STATION 4,Sacramento,CA,38.581602,-121.498731,,,,2025-06-24T07:26:00Z,,,3.7,
223928,2525 LEFT 38455,Sacramento,CA,38.609833,-121.508,,,,2024-02-20T10:05:00Z,,,3.7,
244896,California Department of Parks and Recreation,Sacramento,CA,38.575965,-121.497045,,,,2025-06-24T07:26:00Z,,,3.7,
244860,The Park Shopping Center,Sacramento,CA,38.532417,-121.49527,,,,2025-06-24T07:26:00Z,,,3.7,
244892,DGS Lot 24,Sacramento,CA,38.574534,-121.49647,,,,2025-06-24T07:26:00Z,,,3.7,
141186,DGS MAIN,Sacramento,CA,38.575266,-121.496397,,,,2019-12-24T09:15:00Z,,,3.0,
223908,Track 281 Apartments,Sacramento,CA,38.598859,-121.501836,,,,2025-06-24T07:26:00Z,,,50.0,
244889,DGS Lot 36,Sacramento,CA,38.574245,-121.494899,,,,2025-06-24T07:26:00Z,,,3.7,
141183,DGS MAIN,Sacramento,CA,38.57378,-121.494576,,,,2019-12-24T09:14:00Z,,,3.0,
342866,Zeta Luxury Apartments,Sacramento,CA,38.6369808,-121.5206746,,,,2025-06-24T07:26:00Z,,,3.7,
2396,State Capitol Parking Garage,Sacramento,CA,38.576769,-121.495022,,,,2020-06-26T03:00:00Z,,,3.7,
342624,GRANT CHARGERS EVSE 9,Sacramento,CA,38.583774,-121.496277,,,,2025-06-24T07:26:00Z,,,3.7,
302586,Costco Natomas,Sacramento,CA,38.63925956136708,-121.52193258906195,,,10.0,2024-10-17T04:14:00Z,,,350.0,
131515,Park Tower,Sacramento,California,38.580905,-121.495496,,,2.0,2019-09-08T05:42:00Z,,,16.0,
342594,Park Tower - Tesla Destination,Sacramento,CA,38.580905,-121.495496,,,,2025-06-24T07:26:00Z,,,3.7,
244932,GRANT CHARGERS DC FAST 01,Sacramento,CA,38.583748,-121.49614,,,,2025-06-24T07:26:00Z,,,50.0,
244947,City of Sacramento - Community Development Department,Sacramento,CA,38.597026,-121.5,,,,2025-06-24T07:26:00Z,,,3.7,
342507,LUELLA LOFTS LUELLA STATION1,Sacramento,CA,38.571273,-121.493639,,,,2025-06-24T07:26:00Z,,,3.7,
342626,GRANT CHARGERS DC FAST 02,Sacramento,CA,38.583815,-121.496127,,,,2025-06-24T07:26:00Z,,,50.0,
244930,COUNTY EVSE PUB PARK 3,Sacramento,CA,38.583721,-121.496084,,,,2025-06-24T07:26:00Z,,,3.7,
244928,COUNTY EVSE GW PUB PARK 4,Sacramento,CA,38.583714,-121.496053,,,,2025-06-24T07:26:00Z,,,3.7,
244886,DGS Lot 50,Sacramento,CA,38.573436,-121.493905,,,,2024-02-20T10:05:00Z,,,3.7,
244926,COUNTY EVSE H STREET 2,Sacramento,CA,38.583532,-121.495898,,,,2025-06-24T07:26:00Z,,,3.7,
141152,City of Winters - Community Center,Winters,CA,38.521374,-121.968032,,,,2020-06-26T03:00:00Z,,,3.7,
342321,Winters Community Center,Winters,CA,38.521294,-121.968018,,,,2025-06-24T07:26:00Z,,,3.7,
294162,8900 Pocket Rd,Sacramento,CA,38.480773,-121.507983,,,,2024-02-20T10:04:00Z,,,50.0,
124457,California Air Resources Board,Sacramento,CA,38.568681,-121.492654,,,,2025-06-24T07:26:00Z,,,3.7,
141185,Caltrans - Headquarters,Sacramento,CA,38.574737,-121.493583,,,,2025-06-24T07:26:00Z,,,3.7,
8609,Sacramento County Public Garage,Sacramento,California,38.58431244,-121.4956055,,,3.0,2014-03-23T11:47:00Z,,,0.0,
124460,SACRAMENTO,Sacramento,CA,38.57825,-121.494147,,,,2019-12-24T09:15:00Z,,,3.0,
342562,SACRAMENTO CAP-2ND-2,Sacramento,CA,38.5784,-121.493882,,,,2025-06-24T07:26:00Z,,,3.7,
342949,Hilton Garden Inn Sacramento,Sacramento,CA,38.65048099443429,-121.529089606221,,,,2025-06-24T07:26:00Z,,,50.0,
244938,COUNTY EVSE EMPLOYEE PARK 4,Sacramento,CA,38.585176,-121.495358,,,,2025-06-24T07:26:00Z,,,3.7,
342758,Demmon Partner - Sutter Green Bld 16,Sacramento,CA,38.6127262,-121.5050975,,,,2025-06-24T07:26:00Z,,,3.7,
342685,SACRAMENTO 300R-2,Sacramento,CA,38.596462,-121.49852,,,,2025-06-24T07:26:00Z,,,3.7,
342681,SACRAMENTO 300R-1,Sacramento,CA,38.596386,-121.49848,,,,2025-06-24T07:26:00Z,,,3.7,
141204,SACRAMENTO,Sacramento,CA,38.5964811,-121.4984991,,,,2019-12-24T09:15:00Z,,,3.0,
342683,SACRAMENTO 300R-5,Sacramento,CA,38.596424,-121.49844,,,,2025-06-24T07:26:00Z,,,3.7,
342919,NATOMAS STATION A1,Sacramento,CA,38.646982,-121.525912,,,,2025-06-24T07:26:00Z,,,3.7,
244905,SACRAMENTO CAP-3RD-4,Sacramento,CA,38.578101,-121.493142,,,,2025-06-24T07:26:00Z,,,3.7,
244924,City of Sacramento - City Hall,Sacramento,CA,38.581912,-121.493562,,,,2025-06-24T07:26:00Z,,,3.7,
141181,DGS MAIN,Sacramento,CA,38.572907,-121.491642,,,,2019-12-24T09:14:00Z,,,3.0,
342910,NATOMAS STATION B1,Sacramento,CA,38.644733,-121.52318,,,,2025-06-24T07:26:00Z,,,3.7,
342515,DGS Lot 14,Sacramento,CA,38.572639,-121.491552,,,,2025-06-24T07:26:00Z,,,3.7,
342921,NATOMAS STATION A2,Sacramento,CA,38.647166,-121.524936,,,,2025-06-24T07:26:00Z,,,3.7,
342591,SACRAMENTO CHG-2ND-NEW-1,Sacramento,CA,38.580869,-121.493062,,,,2025-06-24T07:26:00Z,,,3.7,
342595,SACRAMENTO CHG-2ND-NEW-2,Sacramento,CA,38.580913,-121.493068,,,,2025-06-24T07:26:00Z,,,3.7,
302908,Chipotle Quad District,Sacramento,CA,38.642369674200125,-121.52122601887885,,,1.0,2024-09-02T01:49:00Z,,,6.6,
124462,City of Sacramento - City Hall Public Parking Garage,Sacramento,CA,38.58098,-121.493,,,,2020-06-26T03:00:00Z,,,3.7,
342923,NATOMAS STATION A3,Sacramento,CA,38.647228,-121.524768,,,,2025-06-24T07:26:00Z,,,3.7,
223818,Los Rios Community College District SCC Lillard Hall,Sacramento,CA,38.54263,-121.48933,,,,2023-03-07T05:20:00Z,,,3.7,
276416,City of Winters,Winters,CA,38.521927543473026,-121.9706682364698,,,,2024-08-22T18:30:00Z,,,50.0,
244937,COUNTY EVSE JURY LOT,Sacramento,CA,38.584642,-121.493374,,,,2025-06-24T07:26:00Z,,,3.7,
342340,YOLO COUNTY WINTERS LIB.EV,Winters,CA,38.525668,-121.97151,,,,2025-06-24T07:26:00Z,,,3.7,
342596,SACRAMENTO CHG-ROOF-4,Sacramento,CA,38.58092,-121.492325,,,,2025-06-24T07:26:00Z,,,3.7,
223969,Main + Market Natomas,Sacramento,CA,38.641966,-121.520005,,,,2024-12-03T11:27:00Z,,,50.0,
48348,R Street Parking Plaza,Sacramento,CA,38.569559,-121.490128,,,,2025-06-24T07:26:00Z,,,3.7,
305865,Starbucks - Natomas,Sacramento,CA,38.64247882424425,-121.52006646726277,,,1.0,2024-11-06T22:59:00Z,"$0.99 session fee, $0.59/kWh",,60.0,
342893,"Starbucks - Sacramento, CA",Sacramento,CA,38.64246880921581,-121.5199760576138,,,,2025-06-24T07:26:00Z,,,50.0,
342914,NATOMAS STATION B3,Sacramento,CA,38.64558,-121.522064,,,,2025-06-24T07:26:00Z,,,3.7,
244908,Southern California Edison - Sacramento Office,Sacramento,CA,38.578568,-121.491058,,,,2024-02-20T10:05:00Z,,,3.7,
81722,Hyatt Regency Sacramento,Sacramento,California,38.5776272,-121.4907685,,,6.0,2017-02-03T11:50:00Z,,,16.0,
342496,1629 S St,Sacramento,CA,38.56827,-121.48844,,,,2025-06-24T07:26:00Z,,,3.7,
342564,ESQUIRE PLAZA 4,Sacramento,CA,38.578531,-121.490122,,,,2025-06-24T07:26:00Z,,,3.7,
244906,ESQUIRE PLAZA STATION 2,Sacramento,CA,38.578314,-121.489968,,,,2025-06-24T07:26:00Z,,,3.7,
342524,DGS Lot 40,Sacramento,CA,38.573716,-121.489087,,,,2025-06-24T07:26:00Z,,,3.7,
27778,DGS MAIN,Sacramento,CA,38.5735728,-121.488965,,,,2019-12-24T09:14:00Z,,,3.0,
342924,Medley Apartments,Sacramento,CA,38.6473742,-121.521966,,,,2025-06-24T07:26:00Z,,,3.7,
223879,WASHINGTON SQ WSQ APTS .,Sacramento,CA,38.586712,-121.491129,,,,2025-06-24T07:26:00Z,,,3.7,
223972,TPS NATOMAS STATION 1,Sacramento,CA,38.643591,-121.518417,,,,2024-02-20T10:05:00Z,,,3.7,
223971,TPS NATOMAS STATION 2,Sacramento,CA,38.643487,-121.518122,,,,2024-02-20T10:05:00Z,,,3.7,
141191,ESQUIRE PLAZA,Sacramento,CA,38.579732,-121.489188,,,,2019-12-24T09:15:00Z,,,3.0,
342579,Ace Parking - 900 13th St Garage,Sacramento,CA,38.580106,-121.489101,,,,2025-06-24T07:26:00Z,,,3.7,
458347,TCC EV CHARGER 1,Sacramento,CA,38.581807,-121.489422,,,,2025-06-24T07:26:00Z,,,3.7,
458349,TCC EV CHARGER 3,Sacramento,CA,38.581958,-121.489412,,,,2025-06-24T07:26:00Z,,,3.7,
458348,TCC EV CHARGER 4,Sacramento,CA,38.581849,-121.489295,,,,2025-06-24T07:26:00Z,,,3.7,
54913,California Office of State Publishing,Sacramento,CA,38.595356,-121.492761,,,,2019-02-15T12:08:00Z,,,3.0,
244911,SPD,Geyserville,CA,38.579317,-121.488391,,,,2025-06-24T07:26:00Z,,,3.7,
244893,"DGS Lot 43, Building 052",Sacramento,CA,38.574545,-121.487302,,,,2025-06-24T07:26:00Z,,,3.7,
244914,DGS Lot 61,Sacramento,CA,38.579666,-121.488016,,,,2025-06-24T07:26:00Z,,,3.7,
342543,"DGS Lot 43, Building 051",Sacramento,CA,38.575342,-121.48699,,,,2025-06-24T07:26:00Z,,,3.7,
141187,DGS MAIN,Sacramento,CA,38.5757555,-121.4870395,,,,2019-12-24T09:15:00Z,,,3.0,
244890,"DGS Lot 43, Building 054",Sacramento,CA,38.574266,-121.486118,,,,2025-06-24T07:26:00Z,,,3.7,
459856,"Tesla Supercharger - Natomas - Sacramento, CA",Sacramento,CA,38.655433773281345,-121.52474909707966,,,12.0,2025-07-26T14:38:00Z,,,325.0,
244894,"DGS Lot 43, Building 053",Sacramento,CA,38.574867,-121.485905,,,,2025-06-24T07:26:00Z,,,3.7,
67196,SACRAMENTO,Sacramento,CA,38.580471,-121.486937,,,,2020-06-26T03:00:00Z,,,3.7,
244897,16th & L Street Parking Lot,Sacramento,CA,38.57614,-121.48573,,,,2024-05-19T14:25:00Z,,,350.0,
244917,SACRAMENTO MEM-5,Sacramento,CA,38.580389,-121.486233,,,,2025-06-24T07:26:00Z,,,3.7,
54906,City of Sacramento - Corporate Yard,Sacramento,CA,38.519548,-121.485754,,,,2025-06-24T07:26:00Z,,,3.7,
141151,SACRAMENTO,Sacramento,CA,38.517024,-121.486223,,,,2019-12-24T09:14:00Z,,,3.0,
342585,SACRAMENTO MEM-6,Sacramento,CA,38.580423,-121.48619,,,,2025-06-24T07:26:00Z,,,3.7,
244916,SACRAMENTO MEM-1,Sacramento,CA,38.580222,-121.486093,,,,2025-06-24T07:26:00Z,,,3.7,
342775,SACRAMENTO SNATOMASCC-03,Sacramento,CA,38.619367,-121.498775,,,,2025-06-24T07:26:00Z,,,3.7,
342773,SACRAMENTO SNATOMASCC-01,Sacramento,CA,38.6192,-121.498667,,,,2025-06-24T07:26:00Z,,,3.7,
294170,SACRAMENTO SACY-PUB-3,Sacramento,CA,38.52027,-121.48437,,,,2025-06-24T07:26:00Z,,,3.7,
223860,St. John's Lutheran Church,Sacramento,CA,38.5757249110336,-121.484066520788,,,,2024-02-20T10:05:00Z,,,3.7,
223874,Curbside 14th Street,Sacramento,CA,38.5840997,-121.4857916,,,,2024-06-04T15:55:00Z,,,50.0,
244915,Governor's Mansion,Sacramento,CA,38.580083,-121.484759,,,,2025-06-24T07:26:00Z,,,3.7,
223868,H16 APARTMENTS H-16,Sacramento,CA,38.580369,-121.483752,,,,2025-06-24T07:26:00Z,,,3.7,
223974,ALIRA LUXURY EV CHARGER 1,Sacramento,CA,38.644302,-121.511516,,,,2025-06-24T07:26:00Z,,,3.7,
3507,Harvey's Car Wash,Sacramento,CA,38.57489,-121.482,,,1.0,2019-12-15T06:07:00Z,,,0.0,
3366,Harvey's Car Wash,Sacramento,CA,38.57489,-121.482,,,1.0,2019-12-15T06:07:00Z,,,0.0,
342546,1900 K St.,Sacramento,CA,38.57556234,-121.48155918,,,,2025-06-24T07:26:00Z,,,3.7,
223977,ALIRA LUXURY STATION 1,Sacramento,CA,38.645502,-121.511313,,,,2025-06-24T07:26:00Z,,,3.7,
244948,HQ STATION 5 STATION #5,Sacramento,CA,38.597393,-121.48631,,,,2025-06-24T07:26:00Z,,,3.7,
244950,HQ STATION 5 GATEWAY,Sacramento,CA,38.597692,-121.4863,,,,2024-02-20T10:05:00Z,,,3.7,
342991,SACRAMENTO NNCCAC-10,Sacramento,CA,38.658753,-121.521128,,,,2025-06-24T07:26:00Z,,,3.7,
223993,Los Rios Community College District-ARC Natomas Center,Sacramento,CA,38.65718,-121.51965,,,,2023-03-07T05:21:00Z,,,3.7,
223996,SACRAMENTO NNCCAC-1,Sacramento,CA,38.65916,-121.521126,,,,2023-07-03T08:57:00Z,free,,6.6,
70283,HQ STATION 5,Sacramento,CA,38.598119,-121.486032,,,,2019-12-24T09:15:00Z,,,3.0,
223964,Shell - Truxel Rd - Sacramento CA,Sacramento,CA,38.6375006517481,-121.5046728967982,,,2.0,2024-11-06T10:39:00Z,,,40.0,
282204,BLUE DIAMOND SAC 8,Sacramento,CA,38.584462,-121.479754,,,,2025-06-24T07:26:00Z,,,3.7,
342873,3570 GATEWAY STARBUCKS,Sacramento,CA,38.638334,-121.502641,,,,2025-07-26T14:47:00Z,,,6.6,
223861,Curbside 22nd Street,Sacramento,CA,38.57626,-121.47729,,,,2024-03-05T20:04:00Z,,,50.0,
342611,BarronKent Management - 1927 Eggplant Alley,Sacramento,CA,38.581922,-121.477936,,,,2025-06-24T07:26:00Z,,,3.7,
342517,Youth and Administration Center - Center of Praise Ministries - Tesla Destination,Sacramento,CA,38.572874,-121.476083,,,,2025-06-24T07:26:00Z,,,3.7,
223985,Wyndham Garden Hotel,Sacramento,CA,38.652,-121.510075,,,,2025-06-24T07:26:00Z,,,3.7,
48177,Coca-Cola,Sacramento,CA,38.644404,-121.503723,,,,2025-06-24T07:26:00Z,,,3.7,
342489,SWTCH Energy Inc.,Sacramento,CA,38.56409836,-121.4729996,,,,2025-06-24T07:26:00Z,,,3.7,
54911,Sacramento Natural Foods Co-Op,Sacramento,CA,38.564078,-121.472785,,,,2020-06-26T03:00:00Z,,,3.7,
141229,Target T2115 N. Freeway,Sacramento,CA,38.63995,-121.499203,,,,2024-05-19T13:35:00Z,,,350.0,
342183,Shopping Center - Tesla Supercharger,Sacramento,CA,38.464183,-121.494864,,,,2025-06-24T07:25:00Z,,,50.0,
244880,Sacramento Food Coop,Sacramento,CA,38.564634,-121.472016,,,,2023-12-04T03:45:00Z,,,50.0,
94019,"Sacramento, CA Supercharger",Sacramento,CA,38.6378,-121.497172,,,10.0,2023-12-18T15:49:00Z,$0.26/kWh; other tariffs for older cars,,150.0,
342872,Promenade at Sacramento Gateway - Tesla Supercharger,Sacramento,CA,38.6378,-121.497172,,,,2025-06-24T07:26:00Z,,,50.0,
306037,Delta Shores Shopping Center,Sacramento,CA,38.46401078703778,-121.49446214375249,,,28.0,2024-12-08T01:54:00Z,,,250.0,
223978,PASO VERDE EDC NUSD EV1&2,Sacramento,CA,38.647435,-121.503246,,,,2025-06-24T07:26:00Z,,,3.7,
342419,UOP CHARGERS SAC LOT 5,Sacramento,CA,38.549283,-121.470383,,,,2025-06-24T07:26:00Z,,,3.7,
141139,Delta Shores Starbucks,Sacramento,CA,38.463971,-121.492396,,,,2025-06-24T07:25:00Z,,,3.7,
223851,Sacramento Regional Transit 29th Street Yard,Sacramento,CA,38.56876,-121.47009,,,,2024-05-19T14:27:00Z,,,350.0,
306038,ARCO #7173,Sacramento,CA,38.46570912716106,-121.49045502870338,,,1.0,2024-12-08T01:54:00Z,,,150.0,
141137,Delta Shores In and Out Burger,Sacramento,CA,38.462321,-121.492176,,,,2025-06-24T07:25:00Z,,,3.7,
141176,The Cannery,Sacramento,CA,38.564621,-121.468482,,,,2024-05-19T14:35:00Z,,,350.0,
342876,Element Sacramento Airport - Tesla Destination,Sacramento,CA,38.638522,-121.493861,,,,2025-06-24T07:26:00Z,,,3.7,
133377,North Freeway Boulevard,Sacramento County,Sacramento County,38.6391445291527,-121.492808473479,,,2.0,2019-10-17T00:13:00Z,FREE,,0.0,
124459,Sutter Galleria Mall - University of California - Davis Extension,Sacramento,CA,38.57277,-121.467902,,,,2025-06-24T07:26:00Z,,,3.7,
61977,Caltrans - Headquarters,Sacramento,CA,38.563247,-121.465454,,,,2025-06-24T07:26:00Z,,,3.7,
223862,A&R INVESTMENTS ARIA,Sacramento,CA,38.576613,-121.467029,,,,2023-12-04T03:45:00Z,,,3.7,
342219,SACRAMENTO PANNELLCC-03,Sacramento,CA,38.481304,-121.478691,,,,2025-06-24T07:25:00Z,,,3.7,
61976,Caltrans - District 32,Sacramento,CA,38.56086,-121.46453,,,,2025-06-24T07:26:00Z,,,3.7,
342368,SCUSD - Oak Ridge Elementary School,Sacramento,CA,38.5339952,-121.463963,,,,2025-06-24T07:26:00Z,,,3.7,
141148,City of Sacramento - Meadowview City Service Center,Sacramento,CA,38.480697,-121.47495,,,,2025-06-24T07:25:00Z,,,3.7,
110391,3841 N FREEWAY,Sacramento,CA,38.6417412,-121.4860158,,,,2019-12-24T09:15:00Z,,,3.0,
223781,Sacramento JCC,Sacramento,CA,38.480041,-121.471957,,,,2025-06-24T07:25:00Z,,,1.9,
269364,"PS3 PS3, STATION 4",Sacramento,CA,38.554119,-121.456239,,,,2025-06-24T07:26:00Z,,,3.7,
41383,University of California - Davis Medical Center,Sacramento,CA,38.553545,-121.4561,,,,2025-06-24T07:26:00Z,,,3.7,
299757,Foodsco Northgate,Sacramento,CA,38.6316606221003,-121.47688684931747,,,1.0,2024-10-11T18:12:00Z,,,350.0,
124453,EVSP WALGREENS,Sacramento,CA,38.5477882,-121.454897,,,,2019-12-24T09:14:00Z,,,3.0,
223832,UC Davis Medical Center,Sacramento,CA,38.55224,-121.45321,,,,2024-05-19T14:38:00Z,,,150.0,
89487,CLUBHOUSE,Sacramento,CA,38.583371,-121.4565508,,,,2019-12-24T09:15:00Z,,,3.0,
342247,3860 Florin Rd,Sacramento,CA,38.49479,-121.4611,,,,2025-06-24T07:25:00Z,,,50.0,
269367,HOSPITAL MGH STATION 3,Sacramento,CA,38.569926,-121.453266,,,,2025-06-24T07:26:00Z,,,3.7,
276435,PASO VERDE NUSD-HEREDIA3,Sacramento,CA,38.670567,-121.49932,,,,2025-06-24T07:26:00Z,,,3.7,
223869,AKT PROPERTIES C STREET EV 3,Sacramento,CA,38.580729,-121.454459,,,,2025-06-24T07:26:00Z,,,3.7,
294174,LOT 19 STOCKTON1,Sacramento,CA,38.551557,-121.451374,,,,2025-06-24T07:26:00Z,,,3.7,
342436,LOT 19 STOCKTON2,Sacramento,CA,38.551595,-121.451373,,,,2025-06-24T07:26:00Z,,,3.7,
244868,LOT 19 STOCKTON3,Sacramento,CA,38.551674,-121.451362,,,,2025-06-24T07:26:00Z,,,3.7,
141167,University of California - Davis Medical Center Education Building,Sacramento,CA,38.553216,-121.451263,,,,2025-06-24T07:26:00Z,,,3.7,
269360,UCD REHAB UCD RH1,Sacramento,CA,38.546866,-121.451131,,,,2025-06-24T07:26:00Z,,,3.7,
223871,AKT PROPERTIES C STREET EV 1,Sacramento,CA,38.581387,-121.453141,,,,2025-06-24T07:26:00Z,,,3.7,
342879,CA DOT Northgate,Sacramento,CA,38.63978,-121.47438,,,,2025-06-24T07:26:00Z,,,3.7,
141166,University of California - Davis - Medical Center,Sacramento,CA,38.552483,-121.4487,,,,2025-06-24T07:26:00Z,,,3.7,
342711,Surestay Sacramento,Sacramento,CA,38.6009942,-121.4565088,,,,2025-06-24T07:26:00Z,,,50.0,
342852,Inn at Park Winters - Tesla Destination,Winters,CA,38.635601,-121.992605,,,,2025-06-24T07:26:00Z,,,3.7,
100361,Inn At Park Winters,Winters,California,38.635601,-121.992605,,,3.0,2018-02-23T06:51:00Z,,,16.0,
306695,Nicholas Park,Sacramento,CA,38.507680101318016,-121.45165481311066,,,1.0,2024-12-08T01:49:00Z,Free,,6.6,
342278,SOUTHGATE NICHOLAS (2),Sacramento,CA,38.507568,-121.451505,,,,2025-06-24T07:25:00Z,,,3.7,
342976,ARCO AMPM Northgate-82975,Sacramento,CA,38.6547242,-121.4786485,,,,2025-06-24T07:26:00Z,,,50.0,
223905,REI,Sacramento,CA,38.59828904895033,-121.4500578044782,,,,2025-08-05T21:34:00Z,,,200.0,
223903,1790 EXPO PKWY (US-95V-YS4-3),Sacramento,CA,38.5982194,-121.4498784,,,,2023-07-12T08:34:00Z,,,3.7,
306301,Stockridge Plaza Shopping Center,Sacramento,CA,38.52644493489211,-121.44363374183695,,,1.0,2025-10-04T03:15:00Z,,,350.0,
342295,SCUSD - Nicholas Elementary,Sacramento,CA,38.5126885,-121.4456061,,,,2025-06-24T07:25:00Z,,,3.7,
342345,5321 Stockton Blvd,Sacramento,CA,38.52698,-121.44249,,,,2025-06-24T07:26:00Z,,,3.7,
244946,Fairfield Inn by Marriott Sacramento Cal Expo,Sacramento,CA,38.596217,-121.446622,,,,2025-06-24T07:26:00Z,,,50.0,
341991,Vacaville MOB,Vacaville,CA,38.38874,-121.938,,,,2025-06-24T07:25:00Z,,,3.7,
223726,City of Vacaville - Jack in the Box,Vacaville,CA,38.38572,-121.93426,,,,2025-06-24T07:25:00Z,,,3.7,
141108,Kaiser Vacaville,Vacaville,CA,38.3885135,-121.9380985,,,,2023-09-28T04:42:00Z,,,3.7,
342982,Ebara Tech Rear Lot EVSE,Sacramento,CA,38.6562121,-121.4729534,,,,2025-06-24T07:26:00Z,,,3.7,
29776,Courtyard by Marriott,Sacramento,CA,38.59678,-121.44487,,,1.0,2025-05-16T08:54:00Z,,,50.0,
342690,Courtyard by Marriott Sacramento Cal Expo,Sacramento,CA,38.596793,-121.444849,,,,2025-06-24T07:26:00Z,,,50.0,
342093,OBE HAMPTON EG I5 1,Elk Grove,CA,38.426414,-121.4822,,,,2025-06-24T07:25:00Z,,,3.7,
46923,VACAVILLE VW,Vacaville,CA,38.3838559,-121.9377704,,,,2019-12-24T09:14:00Z,,,3.0,
342736,BE_001,Sacramento,CA,38.60678264,-121.4451874,,,,2025-06-24T07:26:00Z,,,3.7,
61975,"Caltrans - District 59, HQ Lab",Sacramento,CA,38.55599,-121.43528,,,,2025-06-24T07:26:00Z,,,3.7,
102681,Sacramento Municipal Utility District,Sacramento,CA,38.55320706235386,-121.43490422199864,,,,2022-04-26T11:41:00Z,$0.25 / kWr,,175.0,
342728,H-D CHARGER DCFAST HOG,Sacramento,CA,38.605907,-121.44319,,,,2025-06-24T07:26:00Z,,,50.0,
141214,H-D CHARGER,Sacramento,CA,38.605907,-121.44319,,,,2019-12-24T09:15:00Z,,,40.0,
4910,Nissan of Vacaville,Vacaville,CA,38.381441,-121.941218,,,,2025-06-24T07:25:00Z,,,3.7,
223830,SMUD Customer Parking Lot,Sacramento,CA,38.5516090493102,-121.428817235684,,,,2025-06-24T07:26:00Z,,,3.7,
141175,California State University - Sacramento State - Parking Structure 5,Sacramento,CA,38.5641537250829,-121.428490039703,,,,2020-06-26T03:00:00Z,,,3.7,
223720,City of Vacaville - Leisure Town Association,Vacaville,CA,38.37531,-121.93838,,,,2025-06-24T07:25:00Z,,,3.7,
141164,Target T2492 4th Avenue,Sacramento,CA,38.549078,-121.42751,,,6.0,2025-07-26T16:16:00Z,,,350.0,
141149,"Walmart 2735 - Sacramento, CA",Sacramento,CA,38.498212,-121.434197,,,4.0,2025-07-26T16:14:00Z,,,350.0,
110384,California State University - Sacramento State - Parking Structure 1,Sacramento,CA,38.55991966310581,-121.4269360132752,,,,2024-02-20T10:05:00Z,,,3.7,
342443,Autel (1 port 80A),Sacramento,CA,38.55182,-121.42618,,,,2025-06-24T07:26:00Z,,,3.7,
141107,State Compensation Insurance Fund - Vacaville,Vacaville,CA,38.3821579,-121.949585,,,,2025-06-24T07:25:00Z,,,3.7,
223897,California Dept of Real Estate,Sacramento,CA,38.5956885903978,-121.431890777639,,,,2025-06-24T07:26:00Z,,,3.7,
342377,Wexler,Sacramento,CA,38.53813,-121.42611,,,,2025-06-24T07:26:00Z,,,3.7,
54910,California State University - Sacramento State - Lot V,Sacramento,CA,38.563944,-121.425722,,,,2025-06-24T07:26:00Z,,,3.7,
269350,SCIF - Vacaville,Vacaville,CA,38.38166518,-121.9503461,,,,2025-06-24T07:25:00Z,,,3.7,
458351,Hilton Sacramento Arden West,Sacramento,CA,38.607181,-121.434194,,,,2025-06-24T07:26:00Z,,,50.0,
342250,Florin Towne Centre - Tesla Supercharger,Sacramento,CA,38.496947,-121.432194,,,,2025-06-24T07:25:00Z,,,50.0,
342693,Kaiser Permanente Point West,Sacramento,CA,38.5972112,-121.4308778,,,,2025-06-24T07:26:00Z,,,3.7,
223925,Hilton Arden West Sacramento,Sacramento,CA,38.6072690476885,-121.433512844955,,,,2025-05-16T08:58:00Z,,,50.0,
309178,Tesla Supercharger - Florin Town Center - Sacramento,Sacramento,CA,38.49642636262331,-121.43159284547673,,,1.0,2025-03-06T03:44:00Z,,,325.0,
342714,Doubletree by Hilton - Tesla Supercharger,Sacramento,CA,38.601236,-121.431308,,,16.0,2025-07-27T02:30:00Z,,,250.0,
244944,Kaiser Point West,Sacramento,CA,38.5962618,-121.4298863,,,,2023-12-04T03:46:00Z,,,3.7,
342710,Raising Canes - Store 1006,Sacramento,CA,38.60094435059652,-121.4307326039091,,,,2025-06-24T07:26:00Z,,,3.7,
223904,1610 DC,Sacramento,CA,38.598261,-121.429555,,,,2025-07-20T21:44:00Z,,,60.0,
5893,Cal Expo RV Park,Sacramento,California,38.5962121876787,-121.428794860839,,,1.0,2010-11-22T00:00:00Z,,,0.0,
223915,The Eisley,Sacramento,CA,38.6055,-121.4314,,,,2025-06-24T07:26:00Z,,,3.7,
223721,AMPCAP 0757 VACAVILLE,Vacaville,CA,38.37589,-121.946556,,,,2025-06-24T07:25:00Z,,,3.7,
294173,SCUSD Central Kitchen,Sacramento,CA,38.54563,-121.422546,,,,2025-06-24T07:26:00Z,,,3.7,
342861,MOBILITY HUB MOBILITY HUB 3,Sacramento,CA,38.636515,-121.443204,,,,2025-06-24T07:26:00Z,,,3.7,
271195,MOBILITY HUB MOBILITY HUB 2,Sacramento,CA,38.63639,-121.442986,,,,2025-06-24T07:26:00Z,,,3.7,
342034,California Northstate University,Elk Grove,CA,38.4060964,-121.4815962,,,,2025-06-24T07:25:00Z,,,3.7,
276392,California Northstate University,Elk Grove,CA,38.405704,-121.481122,,,,2024-02-20T10:04:00Z,,,3.7,
171577,"Sacramento, Ca - Arden Way Supercharger",Sacramento,CA,38.603204,-121.428647,,,19.0,2023-12-07T12:52:00Z,$0.26/kWh; other tariffs for older cars,,72.0,
342722,Arden Fair Mall - Tesla Supercharger,Sacramento,CA,38.603204,-121.428647,,,,2025-06-24T07:26:00Z,,,50.0,
124469,Arden Fair Mall,Sacramento,CA,38.599693,-121.427045,,,,2025-06-24T07:26:00Z,,,3.7,
244878,CSUS PS2 - 1,Sacramento,CA,38.558496,-121.420216,,,,2025-06-24T07:26:00Z,,,3.7,
342475,CSUS PS2 - 3,Sacramento,CA,38.559536,-121.4202,,,,2025-06-24T07:26:00Z,,,3.7,
141171,CSUS,Sacramento,CA,38.559536,-121.4202,,,,2019-12-24T09:14:00Z,,,3.0,
306814,Chevron,Elk Grove,CA,38.40796769246262,-121.47681927481108,,,1.0,2024-12-10T16:54:00Z,,,200.0,
141103,IBEW Local 1245,Vacaville,CA,38.3734018,-121.9482887,,,,2020-06-26T02:59:00Z,,,3.7,
110383,PLACEHOLDER,Sacramento,CA,38.5492203,-121.4189735,,,,2019-12-24T09:14:00Z,,,3.0,
244951,Arden Fair,Sacramento,CA,38.599894,-121.425566,,,,2025-06-24T07:26:00Z,,,3.7,
341955,AMMAAR'S TOYOTA CT4000,Vacaville,CA,38.373513,-121.950382,,,,2025-06-24T07:25:00Z,,,3.7,
223842,SACRAMENTO EAFWTP-1,Sacramento,CA,38.55751,-121.417479,,,,2023-05-01T05:36:00Z,,,3.7,
223841,SACRAMENTO EAFWTP-3,Sacramento,CA,38.557253,-121.417463,,,,2023-05-01T05:36:00Z,,,3.7,
223898,Kohls Arden Sacramento CA,Sacramento,CA,38.596513,-121.423152,,,,2025-06-24T07:26:00Z,,,3.7,
141184,Raley's,Sacramento,CA,38.57471,-121.41813,,,,2020-06-26T03:00:00Z,,,40.0,
342537,Raley's,Sacramento,CA,38.57471,-121.41813,,,,2025-06-24T07:26:00Z,,,50.0,
342694,Market Square at Arden Fair,Sacramento,CA,38.5973767,-121.4220059,,,,2025-07-27T02:32:00Z,,,350.0,
342808,SACRAMENTO HAGGINWOODCC-02,Sacramento,CA,38.628629,-121.43229,,,,2025-06-24T07:26:00Z,,,3.7,
342810,SACRAMENTO HAGGINWOODCC-01,Sacramento,CA,38.628709,-121.432279,,,,2025-06-24T07:26:00Z,,,3.7,
102687,Grant Union High School,Sacramento,CA,38.634754,-121.434747,,,,2020-06-26T03:00:00Z,,,40.0,
342481,Twelve55,Sacramento,CA,38.56139,-121.41473,,,,2025-06-24T07:26:00Z,,,3.7,
343500,YOLO COUNTY KL PARK EV 2,Knights Landing,CA,38.796743,-121.720268,,,,2025-06-24T07:27:00Z,,,3.7,
343506,YOLO COUNTY KL PARK EV 1,Knights Landing,CA,38.797456,-121.720643,,,,2025-06-24T07:27:00Z,,,3.7,
223826,CAMPUS EV NORTH,Sacramento,CA,38.551089,-121.412247,,,,2025-06-24T07:26:00Z,,,3.7,
223829,CAMPUS EV SOUTH,Sacramento,CA,38.551416,-121.411754,,,,2025-06-24T07:26:00Z,,,3.7,
57306,ARCO AMPM,Vacaville,CA,38.3698018,-121.9545156,,,1.0,2021-09-16T07:15:00Z,,,24.0,
223914,3841 N FREEWAY HOWE STATION 1,Sacramento,CA,38.6025,-121.41644,,,,2025-06-24T07:26:00Z,,,3.7,
269371,ENVISION MOTORS MBS CPE250-1,Sacramento,CA,38.598854,-121.415118,,,,2023-07-12T08:34:00Z,,,50.0,
269372,ENVISION MOTORS MBS CT4020,Sacramento,CA,38.598987,-121.414785,,,,2023-07-12T08:34:00Z,,,3.7,
244810,Vacaville Premium Outlets North,Vacaville,CA,38.366653,-121.95586,,,,2025-06-24T07:25:00Z,,,50.0,
342404,Power Inn High Speed EV Charging,Sacramento,CA,38.546206,-121.40754,,,,2025-06-24T07:26:00Z,,,50.0,
244811,Vacaville Premium Outlets,Vacaville,CA,38.36731,-121.95685,,,,2024-10-23T22:39:00Z,,,350.0,
294180,9342 TECH CTR STATION 5,Sacramento,CA,38.596038,-121.412673,,,,2024-02-20T10:05:00Z,,,3.7,
294181,9342 TECH CTR STATION 6,Sacramento,CA,38.596772,-121.412652,,,,2024-02-20T10:05:00Z,,,3.7,
244873,THE PHOENIX SAC THE PHOENIX SAC,Sacramento,CA,38.552394,-121.40635,,,,2025-06-24T07:26:00Z,,,3.7,
79409,Vacaville Supercharger,Vacaville,CA,38.366645,-121.958136,,,16.0,2023-12-07T12:48:00Z,$0.26/kWh; other tariffs for older cars,,150.0,
124422,Nut Tree Village,Vacaville,CA,38.368755,-121.961192,,,,2025-06-24T07:25:00Z,,,3.7,
223831,Phoenix Apartments,Sacramento,CA,38.551651,-121.405727,,,,2025-06-24T07:26:00Z,,,3.7,
141142,Kaiser South Sacramento |P2964,South Sacramento,CA,38.4699104,-121.4216412,,,,2020-06-26T03:00:00Z,,,3.7,
342197,Kaiser South Sacramento,South Sacramento,CA,38.4699104,-121.4216412,,,,2025-06-24T07:25:00Z,,,3.7,
223710,SIMON VACAVILLE 2,Vacaville,CA,38.364537,-121.956676,,,,2024-11-12T12:08:00Z,,,6.6,
341931,SIMON VACAVILLE 1,Vacaville,CA,38.364575,-121.956727,,,,2025-06-24T07:25:00Z,,,3.7,
341945,Nut Tree Plaza,Vacaville,CA,38.368182999999675,-121.96192949999886,,,,2025-08-14T21:25:00Z,,,350.0,
276378,Nut Tree Plaza,Vacaville,CA,38.368183,-121.9619295,,,,2024-02-14T18:02:00Z,,,350.0,
223947,Holiday Inn Express & Suites Sacramento Cal Expo,Sacramento,CA,38.62409,-121.413197,,,,2025-06-24T07:26:00Z,,,50.0,
223949,Hampton Inn & Suites Sacramento Cal Expo,Sacramento,CA,38.624642,-121.413247,,,,2025-06-24T07:26:00Z,,,50.0,
124421,Stars Recreation Center,Vacaville,CA,38.36557,-121.967,,,,2024-11-12T12:08:00Z,,,3.7,
223772,HOSPITAL MET 2,Sacramento,CA,38.463412,-121.416933,,,,2025-06-24T07:25:00Z,,,3.7,
276377,"Vacaville, CA - Harbison Drive Supercharger",Vacaville,CA,38.3621637304721,-121.963204701152,,,12.0,2024-12-08T17:19:00Z,,,250.0,
223697,VV VV-1020 NUT #1,Vacaville,CA,38.353886,-121.952688,,,,2025-06-24T07:25:00Z,,,3.7,
282189,"Vacaville, CA - Browns Valley Parkway Supercharger",Vacaville,CA,38.365225,-121.967972,,,12.0,2024-12-08T17:19:00Z,,,250.0,
341934,GF4EVA NUGGET DC1,Vacaville,CA,38.364864,-121.967995,,,,2025-06-24T07:25:00Z,,,50.0,
244807,DC CORRIDOR NUGGET L2,Vacaville,CA,38.364741,-121.967967,,,,2024-11-12T12:08:00Z,,,62.0,
223910,Target T0312 Fulton Ave,Sacramento,CA,38.60037,-121.40186,,,,2024-05-19T14:41:00Z,,,350.0,
342317,MAINTENANCE OFF DEMETRE AVE #1,Sacramento,CA,38.520339,-121.396302,,,,2025-06-24T07:26:00Z,,,3.7,
276415,Sacramento Tree Foundation,Sacramento,CA,38.5193531448482,-121.3963609758829,,,,2025-06-24T07:26:00Z,,,3.7,
124441,MAINTENANCE-1,Sacramento,CA,38.520132,-121.3962257,,,,2019-12-24T09:14:00Z,,,3.0,
342682,NIELLO VOLKSWAG OFF NETWORK1,Sacramento,CA,38.5964,-121.399504,,,,2025-06-24T07:26:00Z,,,3.7,
30208,NIELLO VOLKSWAG,Sacramento,CA,38.5964004,-121.3995036,,,,2019-12-24T09:15:00Z,,,3.0,
224004,DELPASO DEL PASO 2,Sacramento,CA,38.667273,-121.429682,,,,2023-03-07T05:21:00Z,,,3.7,
